{
  "avg_total_loss": 0.5197093188762665,
  "avg_head_pose_loss": 0.0011009343482631568,
  "blendshape_mae": 0.7023802399635315,
  "blendshape_mse": 0.7209402322769165,
  "blendshape_rmse": 0.8490819931030273,
  "head_pose_mae": 0.022910723462700844,
  "head_pose_mse": 0.0011758472537621856,
  "head_pose_rmse": 0.034290630370378494,
  "avg_correlation": 0.023204955565061046,
  "per_blendshape_mae": [
    0.990408182144165,
    0.9588243365287781,
    0.335566908121109,
    0.3974684774875641,
    0.3237939178943634,
    0.38995322585105896,
    0.31123822927474976,
    0.32618948817253113,
    0.3573867082595825,
    0.33810731768608093,
    0.32464081048965454,
    0.2998120188713074,
    0.32393425703048706,
    0.3506472706794739,
    0.33145424723625183,
    0.32860302925109863,
    0.37314242124557495,
    0.3738600015640259,
    0.3490360975265503,
    0.3454926609992981,
    0.3243151307106018,
    0.3736020624637604,
    0.36618709564208984,
    0.31920352578163147,
    0.3989073932170868,
    0.9923667311668396,
    1.0175273418426514,
    0.9703898429870605,
    0.9864827990531921,
    1.0127736330032349,
    0.9773595929145813,
    0.9993219375610352,
    0.9839766025543213,
    0.9536422491073608,
    0.8515409231185913,
    0.9433560371398926,
    1.0008856058120728,
    1.0028020143508911,
    1.0541129112243652,
    1.0105115175247192,
    0.952963650226593,
    0.9597650766372681,
    0.9763397574424744,
    0.9952458143234253,
    1.0319944620132446,
    1.018664002418518,
    0.9609162211418152,
    0.9922102689743042,
    1.0215964317321777,
    0.9901723265647888,
    0.9975005388259888,
    0.957575798034668
  ],
  "model_name": "diffusion",
  "actor": "Actor_01",
  "dir_name": "diffusion_Actor_01_20251214_003034",
  "train_val_loss": 0.501764103770256
}