{
  "avg_total_loss": 0.002976441467458855,
  "avg_blendshape_loss": 0.0029589873026194635,
  "avg_head_pose_loss": 3.490704710799688e-05,
  "avg_temporal_loss": 6.330910964623467e-09,
  "blendshape_mae": 0.05209825187921524,
  "blendshape_mse": 0.00295898481272161,
  "blendshape_rmse": 0.054396551102399826,
  "head_pose_mae": 0.004090299364179373,
  "head_pose_mse": 3.490706149023026e-05,
  "head_pose_rmse": 0.005908219609409571,
  "avg_correlation": 0.4220090194801552,
  "per_blendshape_mae": [
    0.0446520633995533,
    0.04047135263681412,
    0.04215288162231445,
    0.051911067217588425,
    0.05092659220099449,
    0.04968077316880226,
    0.05497048422694206,
    0.052112214267253876,
    0.040586452931165695,
    0.0392865315079689,
    0.04106651991605759,
    0.06003106012940407,
    0.07762887328863144,
    0.05665065348148346,
    0.056578733026981354,
    0.04949880391359329,
    0.04986559599637985,
    0.04811348393559456,
    0.04213806986808777,
    0.05102426931262016,
    0.05151971057057381,
    0.06765570491552353,
    0.062080997973680496,
    0.044122014194726944,
    0.013926207087934017,
    0.04606935381889343,
    0.05513254180550575,
    0.04858889430761337,
    0.04363195598125458,
    0.04265838488936424,
    0.04024205356836319,
    0.051428426057100296,
    0.07870776951313019,
    0.040848806500434875,
    0.062051087617874146,
    0.052037663757801056,
    0.05201958119869232,
    0.052873048931360245,
    0.05448788031935692,
    0.04765687510371208,
    0.04427599534392357,
    0.05329626426100731,
    0.0627051368355751,
    0.0574953556060791,
    0.06026700511574745,
    0.05640953779220581,
    0.056863922625780106,
    0.05742979049682617,
    0.06646794825792313,
    0.04840768873691559,
    0.07470934838056564,
    0.06372815370559692
  ],
  "model_name": "dual_fusion",
  "actor": null,
  "dir_name": "dual_fusion_all_actors_20251213_235944",
  "train_val_loss": 0.002978370576683018
}