{
  "avg_total_loss": 0.3342187595901205,
  "avg_blendshape_loss": 0.03234250312532062,
  "avg_head_pose_loss": 0.053764280432195805,
  "avg_temporal_loss": 0.00016610577949904837,
  "blendshape_mae": 0.01814359985291958,
  "blendshape_mse": 0.0006219714996404946,
  "blendshape_rmse": 0.02493935637176037,
  "head_pose_mae": 0.6229767799377441,
  "head_pose_mse": 0.9989671111106873,
  "head_pose_rmse": 0.9994834065437317,
  "avg_correlation": 0.13012857209876463,
  "per_blendshape_mae": [
    0.01529042050242424,
    0.016044119372963905,
    0.011730826459825039,
    0.01077196467667818,
    0.007000889163464308,
    0.007243558764457703,
    0.012831760570406914,
    0.010452968999743462,
    0.0073284730315208435,
    0.00997451413422823,
    0.012956639751791954,
    0.012096688151359558,
    0.015120118856430054,
    0.012445581145584583,
    0.015471942722797394,
    0.00961205642670393,
    0.01328242290765047,
    0.006358902435749769,
    0.01237797737121582,
    0.012171242386102676,
    0.013291741721332073,
    0.011712341569364071,
    0.009020601399242878,
    0.01119267474859953,
    0.013645817525684834,
    0.03148403391242027,
    0.01665273681282997,
    0.029497817158699036,
    0.023019231855869293,
    0.03492621332406998,
    0.03906239569187164,
    0.03407111391425133,
    0.014862341806292534,
    0.037775903940200806,
    0.06849740445613861,
    0.05106429383158684,
    0.016913898289203644,
    0.013404415920376778,
    0.017708558589220047,
    0.014092661440372467,
    0.015012258663773537,
    0.016753995791077614,
    0.015918919816613197,
    0.013074389658868313,
    0.014543368481099606,
    0.011823654174804688,
    0.054545462131500244,
    0.01832817681133747,
    0.013177172280848026,
    0.011725089512765408,
    0.010918217711150646,
    0.015127163380384445
  ],
  "model_name": "base_audio",
  "actor": null,
  "dir_name": "base_audio_all_actors_20251213_233712",
  "train_val_loss": 0.3362685927638301
}