{
  "avg_total_loss": 1.300017865736093,
  "avg_blendshape_loss": 1.064405632552816,
  "avg_head_pose_loss": 0.040715789325090485,
  "avg_temporal_loss": 0.00016434224036531114,
  "blendshape_mae": 0.13716208934783936,
  "blendshape_mse": 0.02046935446560383,
  "blendshape_rmse": 0.14307114481925964,
  "head_pose_mae": 0.6264906525611877,
  "head_pose_mse": 0.9994474649429321,
  "head_pose_rmse": 0.9997236728668213,
  "avg_correlation": 0.35545502268140755,
  "per_blendshape_mae": [
    0.1735442876815796,
    0.09732428938150406,
    0.1174192801117897,
    0.13652756810188293,
    0.14868344366550446,
    0.16247551143169403,
    0.10825113952159882,
    0.1390688717365265,
    0.1226133182644844,
    0.10627063363790512,
    0.1706482470035553,
    0.1426752805709839,
    0.1562545746564865,
    0.12653174996376038,
    0.18983960151672363,
    0.15616652369499207,
    0.09082897752523422,
    0.17559269070625305,
    0.17759256064891815,
    0.17574043571949005,
    0.11768681555986404,
    0.14884869754314423,
    0.17078782618045807,
    0.10550045222043991,
    0.04529451206326485,
    0.16509190201759338,
    0.1125607043504715,
    0.10208394378423691,
    0.22417107224464417,
    0.13555896282196045,
    0.12397495657205582,
    0.08234166353940964,
    0.21060355007648468,
    0.12598295509815216,
    0.07069730758666992,
    0.13579243421554565,
    0.1758374720811844,
    0.11194177716970444,
    0.1580016016960144,
    0.16010533273220062,
    0.214286670088768,
    0.0987827256321907,
    0.159746453166008,
    0.1363818198442459,
    0.11991337686777115,
    0.14055846631526947,
    0.11742132902145386,
    0.09321839362382889,
    0.1294356882572174,
    0.1462962031364441,
    0.1261076033115387,
    0.0943077877163887
  ],
  "model_name": "base_video",
  "actor": null,
  "dir_name": "base_video_all_actors_20251213_234127",
  "train_val_loss": 1.2937479239922982
}