{
  "avg_total_loss": 6.311330155346981e-05,
  "avg_blendshape_loss": 4.343644373780555e-05,
  "avg_head_pose_loss": 3.876289268313784e-05,
  "avg_temporal_loss": 1.477059294456718e-06,
  "blendshape_mae": 0.0017582305008545518,
  "blendshape_mse": 4.343643377069384e-05,
  "blendshape_rmse": 0.006590632256120443,
  "head_pose_mae": 0.004277059342712164,
  "head_pose_mse": 3.876288974424824e-05,
  "head_pose_rmse": 0.006225985009223223,
  "avg_correlation": 0.9418124398410761,
  "per_blendshape_mae": [
    0.0,
    0.0002908160677179694,
    0.0,
    0.0,
    0.0,
    0.0,
    0.0,
    0.0,
    0.0,
    0.0,
    0.0,
    0.0,
    0.0,
    0.0,
    0.0,
    0.0,
    0.0,
    0.0,
    0.0,
    0.0,
    0.0,
    0.0,
    0.0,
    0.0,
    0.00628880737349391,
    0.006331785582005978,
    0.0017779958434402943,
    0.006745689548552036,
    0.005588958505541086,
    0.007739736698567867,
    0.008256015367805958,
    0.006624311674386263,
    0.0,
    0.007781130727380514,
    0.013232761062681675,
    0.009554444812238216,
    4.474954948818777e-07,
    0.0,
    0.0,
    0.0,
    0.0,
    0.0,
    0.0,
    0.0,
    0.0,
    0.0,
    0.010880319401621819,
    2.261436020489782e-05,
    0.0,
    0.0,
    0.00031234751804731786,
    2.1089592294742943e-09
  ],
  "model_name": "e2e_loop",
  "actor": null,
  "dir_name": "e2e_loop_all_actors_20251214_003543",
  "train_val_loss": 6.918261230263549e-05
}