{
  "train": [
    {
      "noise_loss": 1.0130231105364287,
      "temporal_loss": 0.008329117581105003,
      "total_loss": 1.01385602584252
    },
    {
      "noise_loss": 0.9880933211399958,
      "temporal_loss": 0.003027146538862815,
      "total_loss": 0.988396039375892
    }
  ],
  "val": [
    {
      "noise_loss": 1.0045907100041707,
      "temporal_loss": 0.0014284549203390877,
      "total_loss": 1.0047335426012676
    },
    {
      "noise_loss": 0.9837302168210348,
      "temporal_loss": 0.003282564226537943,
      "total_loss": 0.9840584794680277
    }
  ]
}