{
  "avg_total_loss": 0.005288038635626435,
  "avg_blendshape_loss": 0.0047788554802536964,
  "avg_head_pose_loss": 0.001017466012854129,
  "avg_temporal_loss": 2.250552559720139e-06,
  "blendshape_mae": 0.05430321395397186,
  "blendshape_mse": 0.004788045771420002,
  "blendshape_rmse": 0.0691957026720047,
  "head_pose_mae": 0.022269150242209435,
  "head_pose_mse": 0.0010809898376464844,
  "head_pose_rmse": 0.03287841007113457,
  "avg_correlation": 0.0035868612880261552,
  "per_blendshape_mae": [
    0.00740086380392313,
    0.06626004725694656,
    0.04205691069364548,
    0.0018311773892492056,
    0.06820245087146759,
    0.03386969864368439,
    0.11271854490041733,
    0.005295603070408106,
    0.05697014182806015,
    0.009106452576816082,
    4.415146293013095e-08,
    0.08871842920780182,
    0.09695936739444733,
    0.014971292577683926,
    0.13622422516345978,
    0.08149079233407974,
    0.06281901895999908,
    0.03060227446258068,
    0.06819630414247513,
    0.1256437748670578,
    0.0579962395131588,
    0.054895009845495224,
    0.07219834625720978,
    0.014468620531260967,
    0.011559391394257545,
    0.024912109598517418,
    0.009417176246643066,
    0.006291238125413656,
    0.06611020117998123,
    0.045431964099407196,
    0.121534064412117,
    0.014384200796484947,
    0.028573084622621536,
    0.058559488505125046,
    0.04706441983580589,
    0.043942417949438095,
    0.0,
    0.09567336738109589,
    0.048157949000597,
    0.09590496122837067,
    0.1565229594707489,
    0.11542888730764389,
    0.008038617670536041,
    0.08287126570940018,
    0.05488746613264084,
    0.009282908402383327,
    0.13518545031547546,
    0.06381379812955856,
    0.10547424852848053,
    0.0,
    0.05406883731484413,
    0.011785288341343403
  ],
  "model_name": "e2e_loop",
  "actor": "Actor_01",
  "dir_name": "e2e_loop_Actor_01_20251214_003452",
  "train_val_loss": 0.0056114166509360075
}