{
  "avg_total_loss": 2.7655006647109985,
  "avg_blendshape_loss": 2.55510679880778,
  "avg_head_pose_loss": 0.048772113397717476,
  "avg_temporal_loss": 0.00011669648241271109,
  "blendshape_mae": 0.21354061365127563,
  "blendshape_mse": 0.04913688451051712,
  "blendshape_rmse": 0.22166840732097626,
  "head_pose_mae": 0.6372847557067871,
  "head_pose_mse": 0.999093234539032,
  "head_pose_rmse": 0.9995465278625488,
  "avg_correlation": 0.036125831420467894,
  "per_blendshape_mae": [
    0.24311023950576782,
    0.12073122709989548,
    0.251212477684021,
    0.18839368224143982,
    0.17261861264705658,
    0.18555042147636414,
    0.21702353656291962,
    0.2612464129924774,
    0.22077536582946777,
    0.2506527304649353,
    0.21184410154819489,
    0.1977139711380005,
    0.17945823073387146,
    0.31673046946525574,
    0.2570638358592987,
    0.18351806700229645,
    0.13446149230003357,
    0.20010654628276825,
    0.22526708245277405,
    0.2758522629737854,
    0.16791564226150513,
    0.15599237382411957,
    0.2090531289577484,
    0.28018322587013245,
    0.07895814627408981,
    0.2679041028022766,
    0.18508858978748322,
    0.13604329526424408,
    0.22570855915546417,
    0.18700775504112244,
    0.17983892560005188,
    0.24281330406665802,
    0.2881838083267212,
    0.27374789118766785,
    0.046010781079530716,
    0.14924731850624084,
    0.35380053520202637,
    0.20858332514762878,
    0.20479995012283325,
    0.13421139121055603,
    0.27561646699905396,
    0.2372831553220749,
    0.25022783875465393,
    0.20885218679904938,
    0.2583351135253906,
    0.298325777053833,
    0.18735727667808533,
    0.18872974812984467,
    0.2575431764125824,
    0.2432457059621811,
    0.27468931674957275,
    0.15548864006996155
  ],
  "model_name": "base_video",
  "actor": "Actor_01",
  "dir_name": "base_video_Actor_01_20251213_234047",
  "train_val_loss": 2.7943384647369385
}