{
  "avg_total_loss": 0.08559966281946026,
  "avg_head_pose_loss": 0.0010778082353532063,
  "blendshape_mae": 0.9208846092224121,
  "blendshape_mse": 1.2978662252426147,
  "blendshape_rmse": 1.1392393112182617,
  "head_pose_mae": 0.02171468548476696,
  "head_pose_mse": 0.001077808323316276,
  "head_pose_rmse": 0.03282999247312546,
  "avg_correlation": 0.0133851953973062,
  "per_blendshape_mae": [
    1.0986144542694092,
    1.104335069656372,
    0.7078176140785217,
    0.706168532371521,
    0.7046719789505005,
    0.7087836861610413,
    0.7085111737251282,
    0.7059013247489929,
    0.7075356841087341,
    0.7071197032928467,
    0.7048687934875488,
    0.7063623666763306,
    0.7096667289733887,
    0.7067540287971497,
    0.7063584923744202,
    0.7076891660690308,
    0.7052983641624451,
    0.7064877152442932,
    0.7070230841636658,
    0.7073161005973816,
    0.7064176797866821,
    0.7072789072990417,
    0.7088527083396912,
    0.7073606848716736,
    0.7162513732910156,
    1.091660976409912,
    1.0900062322616577,
    1.0900192260742188,
    1.0925143957138062,
    1.078779935836792,
    1.080488920211792,
    1.0806277990341187,
    1.1044150590896606,
    1.0835174322128296,
    1.0073044300079346,
    1.0526851415634155,
    1.0971447229385376,
    1.1019312143325806,
    1.0943536758422852,
    1.097035527229309,
    1.111128807067871,
    1.101343035697937,
    1.102349042892456,
    1.1034961938858032,
    1.1014220714569092,
    1.0943379402160645,
    1.0476973056793213,
    1.1044120788574219,
    1.1017019748687744,
    1.1016238927841187,
    1.0982723236083984,
    1.102207064628601
  ],
  "model_name": "diffusion",
  "actor": null,
  "dir_name": "diffusion_all_actors_20251214_003139",
  "train_val_loss": 0.08491962099516834
}