{
  "avg_total_loss": 2.460900624593099,
  "avg_blendshape_loss": 2.239217162132263,
  "avg_head_pose_loss": 0.052757308818399906,
  "avg_temporal_loss": 0.00012133262498537078,
  "blendshape_mae": 0.1979803889989853,
  "blendshape_mse": 0.04306584596633911,
  "blendshape_rmse": 0.20752312242984772,
  "head_pose_mae": 0.33054736256599426,
  "head_pose_mse": 0.5000890493392944,
  "head_pose_rmse": 0.707169771194458,
  "avg_correlation": 0.005243375837984362,
  "per_blendshape_mae": [
    0.16026774048805237,
    0.16359882056713104,
    0.14459432661533356,
    0.19214780628681183,
    0.24036024510860443,
    0.292626291513443,
    0.24627161026000977,
    0.21439138054847717,
    0.1740281730890274,
    0.1340939998626709,
    0.3703213930130005,
    0.23710522055625916,
    0.18138036131858826,
    0.30166369676589966,
    0.24828927218914032,
    0.13386568427085876,
    0.15003462135791779,
    0.23970553278923035,
    0.1848810315132141,
    0.19949790835380554,
    0.16274000704288483,
    0.168908029794693,
    0.20637080073356628,
    0.19958211481571198,
    0.052162058651447296,
    0.16290944814682007,
    0.2751280665397644,
    0.20521938800811768,
    0.1125047579407692,
    0.1173953115940094,
    0.2599208950996399,
    0.19123508036136627,
    0.18344996869564056,
    0.22897498309612274,
    0.0807127133011818,
    0.18040785193443298,
    0.256092369556427,
    0.1937170922756195,
    0.2914571166038513,
    0.2624039351940155,
    0.20380865037441254,
    0.2545444965362549,
    0.20355139672756195,
    0.2679576277732849,
    0.12924633920192719,
    0.24783074855804443,
    0.09902075678110123,
    0.18847423791885376,
    0.16823866963386536,
    0.18835212290287018,
    0.13166430592536926,
    0.212001234292984
  ],
  "model_name": "base_audio",
  "actor": "Actor_01",
  "dir_name": "base_audio_Actor_01_20251213_233629",
  "train_val_loss": 2.4939215183258057
}