{
  "avg_total_loss": 0.04875935986638069,
  "avg_blendshape_loss": 0.04822507003943125,
  "avg_head_pose_loss": 0.001068575259220476,
  "avg_temporal_loss": 1.94054163848989e-08,
  "blendshape_mae": 0.2115495651960373,
  "blendshape_mse": 0.04822515696287155,
  "blendshape_rmse": 0.21960227191448212,
  "head_pose_mae": 0.022348633036017418,
  "head_pose_mse": 0.0011421636445447803,
  "head_pose_rmse": 0.03379591181874275,
  "avg_correlation": -0.001049402651419021,
  "per_blendshape_mae": [
    0.17155370116233826,
    0.1565331518650055,
    0.2620329260826111,
    0.23203697800636292,
    0.15285973250865936,
    0.29084253311157227,
    0.12654456496238708,
    0.20049922168254852,
    0.18304364383220673,
    0.1982833594083786,
    0.2324182391166687,
    0.24959084391593933,
    0.2993890345096588,
    0.18114084005355835,
    0.23420947790145874,
    0.14781977236270905,
    0.2630165219306946,
    0.19023264944553375,
    0.2293069213628769,
    0.2409425526857376,
    0.2613868713378906,
    0.2349764108657837,
    0.20801351964473724,
    0.30373552441596985,
    0.14863653481006622,
    0.2053285539150238,
    0.1900840401649475,
    0.15419569611549377,
    0.21274779736995697,
    0.2329382300376892,
    0.1433747410774231,
    0.35683104395866394,
    0.18850314617156982,
    0.25975120067596436,
    0.07935356348752975,
    0.1154806986451149,
    0.19492889940738678,
    0.20946696400642395,
    0.2039867341518402,
    0.29290077090263367,
    0.1798376441001892,
    0.21922576427459717,
    0.22198143601417542,
    0.1486239731311798,
    0.1936204582452774,
    0.1842229962348938,
    0.08668216317892075,
    0.2613644599914551,
    0.20624756813049316,
    0.269333153963089,
    0.33773866295814514,
    0.2527483403682709
  ],
  "model_name": "dual_fusion",
  "actor": "Actor_01",
  "dir_name": "dual_fusion_Actor_01_20251213_235622",
  "train_val_loss": 0.04941163770854473
}